{"initial_reset_timestamp": 1626200164.613351, "timestamps": [1626200165.7882934], "episode_lengths": [1013], "episode_rewards": [-21.0], "episode_types": ["t"]}