{"initial_reset_timestamp": 1626201308.4892604, "timestamps": [1626201309.4952369], "episode_lengths": [1015], "episode_rewards": [-21.0], "episode_types": ["t"]}