{"initial_reset_timestamp": 1626200009.0623045, "timestamps": [1626200010.2650695], "episode_lengths": [1027], "episode_rewards": [-21.0], "episode_types": ["t"]}