{"initial_reset_timestamp": 1626202464.936933, "timestamps": [1626202465.9217496], "episode_lengths": [1006], "episode_rewards": [-21.0], "episode_types": ["t"]}