{"initial_reset_timestamp": 1626204007.5901737, "timestamps": [1626204010.5993044], "episode_lengths": [1055], "episode_rewards": [-21.0], "episode_types": ["t"]}