{"initial_reset_timestamp": 1626243037.1690164, "timestamps": [1626243040.3966906], "episode_lengths": [1217], "episode_rewards": [-21.0], "episode_types": ["t"]}