{"initial_reset_timestamp": 1626221721.2547224, "timestamps": [1626221723.9469862], "episode_lengths": [1018], "episode_rewards": [-21.0], "episode_types": ["t"]}