{"initial_reset_timestamp": 1626285647.907285, "timestamps": [1626285650.639764], "episode_lengths": [1023], "episode_rewards": [-21.0], "episode_types": ["t"]}