{"initial_reset_timestamp": 1626264330.6293354, "timestamps": [1626264333.259105], "episode_lengths": [1016], "episode_rewards": [-21.0], "episode_types": ["t"]}